Час новини;Заголовок новини;Посилання на статтю
18:50;У Чернігівській області горить пшеничне поле;https://www.rbc.ua/ukr/news/chernigovskoy-oblasti-gorit-pshenichnoe-pole-1627227911.html
18:39;У Грузії невідомий на автомобілі ледь не переїхав лідера опозиції. Поліція почала розслідування;https://www.rbc.ua/ukr/news/gruzii-neizvestnyy-avtomobile-edva-pereehal-1627225931.html
18:11;"Обстріли і безпілотник: бойовики п'ять разів порушили ""тишу""";https://www.rbc.ua/ukr/news/obstrely-bespilotnik-boeviki-pyat-raz-narushili-1627224186.html
17:45;Португалія відкривається для українців: що потрібно для в'їзду;https://www.rbc.ua/ukr/news/portugaliya-otkryvaetsya-ukraintsev-nuzhno-1627223605.html
17:22;У трьох регіонах Іспанії вирують лісові пожежі;https://www.rbc.ua/ukr/news/treh-regionah-ispanii-bushuyut-lesnye-pozhary-1627221950.html
16:57;Вертоліт NASA на Марсі здійснив найдовший і найвищий політ;https://www.rbc.ua/ukr/news/vertolet-nasa-marse-sovershil-samyy-dlinnyy-1627220413.html
16:39;Чи будуть в Україні робити третє щеплення від COVID: відповідь МОЗ;https://coronavirus.rbc.ua/ukr/news/budut-ukraine-delat-tretyu-privivku-covid-1627217956.html
16:22;Сніг на вершинах та мінлива погода: що варто знати, збираючись на відпочинок у Карпати влітку;https://travel.rbc.ua/ukr/show/sneg-vershinah-peremenchivaya-pogoda-stoit-1626694221.html
16:14;На Донбасі отримав поранення український військовий;https://www.rbc.ua/ukr/news/donbasse-poluchil-ranenie-ukrainskiy-voennyy-1627218856.html
15:57;У МОЗ не виключають введення привілеїв для COVID-вакцинованих під час локдауну;https://coronavirus.rbc.ua/ukr/news/minzdrave-isklyuchayut-vvedenie-privilegiy-1627216358.html
15:56;"Через відсутність вугілля і газу не працюють 11 енергоблоків ТЕС і ТЕЦ,- "" Укренерго""";https://www.rbc.ua/ukr/news/otsutstviya-uglya-gaza-rabotayut-11-energoblokov-1627217808.html
15:38;У Бердянську під час руху загорілася маршрутка з пасажирами;https://www.rbc.ua/ukr/news/berdyanske-vremya-dvizheniya-zagorelas-marshrutka-1627215985.html
15:31;Виплати заборгованості медикам у Харківській області буде вирішено наступного тижня, - Тимчук;https://www.rbc.ua/ukr/news/vyplaty-zadolzhennosti-medikam-harkovskoy-1627217662.html
15:21;У ряді регіонів України завтра запрацюють камери фіксації порушень ПДР: список доріг;https://www.rbc.ua/ukr/news/ryade-regionov-ukrainy-zavtra-zarabotat-kamery-1627215674.html
15:05;Україна виборола другу медаль на Олімпійських іграх;https://www.rbc.ua/ukr/news/ukraina-zavoevala-vtoruyu-medal-olimpiyskih-1627214713.html
14:46;У Хорватії в результаті ДТП з автобусом загинули 10 людей, ще 45 постраждали;https://www.rbc.ua/ukr/news/horvatii-rezultate-dtp-avtobusom-pogibli-1627213090.html
14:20;У США лісові пожежі охопили 12 штатів;https://www.rbc.ua/ukr/news/ssha-lesnye-pozhary-ohvatili-12-shtatov-1627211454.html
13:55;В одній з областей України рівень госпіталізації через COVID досяг 80%;https://www.rbc.ua/ukr/news/odnoy-oblastey-ukrainy-uroven-gospitalizatsii-1627209719.html
13:30;В американському штаті Колорадо виявили чуму у хлопчика;https://www.rbc.ua/ukr/news/amerikanskom-shtate-kolorado-obnaruzhili-1627208094.html
13:25;Безпека та пандемія: як вибрати авіакомпанію для комфортних перельотів;https://travel.rbc.ua/ukr/show/bezopasnost-pandemiya-covid-vybat-aviakompaniyu-1626966550.html
13:07;Зливи повертаються в Україну: названо дату;https://www.rbc.ua/ukr/news/livni-vozvrashchayutsya-ukrainu-nazvana-data-1627207296.html
12:40;Сенат Франції схвалив посилення обмежень для нещеплених від коронавірусу;https://www.rbc.ua/ukr/news/senat-frantsii-odobril-uzhestochenie-ogranicheniy-1627205286.html
12:13;Український шпажист Рейзлін вийшов у півфінал Олімпійських ігор;https://www.rbc.ua/ukr/news/ukrainskiy-shpazhist-reyzlin-vyshel-polufinal-1627203822.html
11:49;У Києві змінили маршрути громадського транспорту через триатлон: схеми об'їзду;https://www.rbc.ua/ukr/news/kieve-izmenili-marshruty-obshchestvennogo-1627202243.html
11:21;У Полтавській області сталась ДТП з вантажівкою. Загинули чотири людини;https://www.rbc.ua/ukr/news/poltavskoy-oblasti-proizoshlo-dtp-gruzovikom-1627201304.html
10:50;В Африці погодні аномалії: випав сніг, фіксують рекорди мінімальної температури;https://www.rbc.ua/ukr/news/afrike-pogodnye-anomalii-vypal-sneg-fiksiruyut-1627198789.html
10:28;Став відомий перший в історії олімпійський чемпіон зі скейтбордингу;https://www.rbc.ua/ukr/news/stal-izvesten-pervyy-istorii-olimpiyskiy-1627196876.html
10:00;Дощі у двох областях і спека: прогноз погоди на неділю;https://www.rbc.ua/ukr/news/dozhdi-dvuh-oblastyah-zhara-prognoz-pogody-1627130963.html
09:39;Пожежна небезпека: які області під загрозою;https://www.rbc.ua/ukr/news/pozharnaya-opasnost-kakie-oblasti-ugrozoy-1627195162.html
09:09;"У Львівській області виявили три випадки штаму ""Дельта""";https://www.rbc.ua/ukr/news/lvovskoy-oblasti-obnaruzhili-tri-sluchaya-1627193394.html
09:05;Як зміниться курс долара: прогноз аналітика на найближчий тиждень;https://www.rbc.ua/ukr/news/izmenitsya-kurs-dollara-prognoz-analitika-1627049064.html
08:40;Українка на Олімпіаді-2020 завоювала четверте місце в кульовій стрільбі;https://www.rbc.ua/ukr/news/ukrainka-olimpiade-2020-zavoevala-chetvertoe-1627191488.html
08:18;В Україні 286 нових випадків коронавірусу;https://www.rbc.ua/ukr/news/ukraine-286-novyh-sluchaev-koronavirusa-1627190305.html
08:01;"Окупанти 9 разів порушили режим ""тиші"": застосовували ПТРК і протитанкові гранатомети";https://www.rbc.ua/ukr/news/okkupanty-9-raz-narushili-rezhim-tishiny-1627189250.html
07:35;Чернівці в деталях: путівник по найцікавіших пам’ятках, готелях та ресторанах міста;https://travel.rbc.ua/ukr/show/chernovtsy-detalyah-putevoditel-samym-interesnym-1626948449.html
07:31;Сильні зливи затопили райони столиці Філіппін, проводиться евакуація;https://www.rbc.ua/ukr/news/silnye-livni-zatopili-rayony-stolitsy-filippin-1627187493.html
06:48;У Бразилії десятки тисяч протестувальників провели акції за відставку президента;https://www.rbc.ua/ukr/news/brazilii-desyatki-tysyach-protestuyushchih-1627184902.html
05:56;Тисячі афганців не можуть евакуюватися в США через захоплені талібами дороги;https://www.rbc.ua/ukr/news/tysyachi-afgantsev-mogut-evakuirovatsya-ssha-1627181771.html
05:12;Обвал будинку в Майамі: рятувальники припинили пошуки жертв, загинули 97 осіб;https://www.rbc.ua/ukr/news/obval-doma-mayami-spasateli-prekratili-poiski-1627179159.html
04:36;На Токіо насувається тайфун;https://www.rbc.ua/ukr/news/tokio-nadvigaetsya-tayfun-1627177005.html
03:58;"США платять за захист Німеччини: Трамп згадав, як попереджав Меркель про загрозу ""Північного потоку-2""";https://www.rbc.ua/ukr/news/ssha-platyat-zashchitu-germanii-tramp-vspomnil-1627174726.html
03:12;Низка штатів США скоротили статистику щодо COVID після сплеску заражень, - AP;https://www.rbc.ua/ukr/news/ryad-shtatov-ssha-sokratili-statistiku-covid-1627171923.html
02:36;Двоє турецьких військових загинули при атаці на бронетранспортер в Сирії;https://www.rbc.ua/ukr/news/dvoe-turetskih-voennyh-pogibli-atake-bronetransporter-1627169807.html
02:10;У Нікарагуа заарештували сьомого кандидата в президенти;https://www.rbc.ua/ukr/news/nikaragua-arestovali-sedmogo-kandidata-prezidenty-1627168204.html
01:23;У Туреччині оновили рекорд за кількістю нових випадків COVID-19;https://www.rbc.ua/ukr/news/turtsii-obnovili-rekord-chislu-novyh-sluchaev-1627165376.html
01:04;Постраждалі від повені райони Бельгії знову накрили дощі;https://www.rbc.ua/ukr/news/postradavshie-navodneniya-rayony-belgii-vnov-1627164286.html
00:30;У центрі Києва сталася бійка зі стріляниною, є потерпілий;https://www.rbc.ua/ukr/news/tsentre-kieva-proizoshla-draka-strelboy-postradavshiy-1627162210.html
00:07;Литва може попросити ЄС розподілити мігрантів через ситуацію на кордоні з Білоруссю;https://www.rbc.ua/ukr/news/litva-poprosit-es-raspredelit-migrantov-situatsii-1627160832.html
00:00;Шанси у стрільбі, дзюдо та вихід Світоліної. Анонс другого дня ОІ-2020;https://www.rbc.ua/ukr/news/shansy-strelbe-dzyudo-vyhod-svitolinoy-anons-1627158565.html
23:34;В Афінах поліція розігнала противників обов'язкової СOVID-вакцинації після провокацій;https://www.rbc.ua/ukr/news/afinah-politsiya-razognala-protivnikov-obyazatelnoy-1627158866.html
22:58;"""Дельта""-штам може стати політичною загрозою для адміністрації Байдена, - WP";https://www.rbc.ua/ukr/news/delta-shtamm-stat-ugrozoy-novoy-politiki-1627156423.html
22:49;Австрія посилить охорону кордонів через наплив мігрантів;https://www.rbc.ua/ukr/news/avstriya-usilit-ohranu-granits-naplyva-migrantov-1627156080.html
22:24;Поранений на Донбасі боєць помер у харківському госпіталі;https://www.rbc.ua/ukr/news/ranenyy-donbasse-boets-umer-harkovskom-gospitale-1627154546.html
21:56;Повінь у Німеччині: знову почалися дощі, можлива евакуація;https://www.rbc.ua/ukr/news/navodnenie-germanii-nachalis-dozhdi-vozmozhna-1627152916.html
21:29;Естонія відправить Литві колючий дріт для паркану на кордоні з Білоруссю;https://www.rbc.ua/ukr/news/estoniya-otpravit-litve-kolyuchuyu-provoloku-1627151334.html
21:00;"Перша ""бронза"" і ранній виліт в тенісі. Підсумки олімпійського дня";https://www.rbc.ua/ukr/news/pervaya-bronza-ranniy-vylet-tennise-itogi-1627149626.html
20:36;"Масові акції та сутички: французи вийшли на протести проти ""паспортів здоров'я""";https://www.rbc.ua/ukr/news/massovye-aktsii-stychki-frantsuzy-vyshli-1627148142.html
20:04;"""Газпром"" не пропонував Україні купувати російський газ";https://www.rbc.ua/ukr/news/gazprom-predlagal-ukraine-pokupat-rossiyskiy-1627146056.html
19:38;Бойовики вивели танки і артилерію на полігони, - звіт ОБСЄ;https://www.rbc.ua/ukr/news/boeviki-vyveli-tanki-artilleriyu-poligony-1627144482.html
19:15;Позбавлення громадянства за російський паспорт: до Ради внесли законопроект;https://www.rbc.ua/ukr/news/lishenie-grazhdanstva-rossiyskiy-pasport-1627143207.html
18:56;На Олімпіаді виявили перший випадок COVID у спортсмена після стартів;https://www.rbc.ua/ukr/news/olimpiade-vyyavili-pervyy-sluchay-covid-sportsmena-1627142100.html
18:33;Заступника голови Харківської облради заарештували. Він може вийти під заставу;https://www.rbc.ua/ukr/news/zamglavy-harkovskogo-oblsoveta-arestovali-1627140591.html
18:14;"Обстріли і проліт безпілотника: на Донбасі за день 7 порушень ""тиші""";https://www.rbc.ua/ukr/news/obstrely-prolet-bespilotnika-donbasse-den-1627139359.html
17:58;Китай очолив медальний залік Олімпіади. Україна на 19-му місці;https://www.rbc.ua/ukr/news/kitay-vozglavil-medalnyy-zachet-pervogo-dnya-1627138517.html
17:36;У ДТП з автобусом у Польщі загинув один українець;https://www.rbc.ua/ukr/news/dtp-avtobusom-polshe-pogib-odin-ukrainets-1627137361.html
17:12;Санкції проти Wildberries: російський рітейлер продовжує працювати в Україні;https://www.rbc.ua/ukr/news/sanktsii-protiv-wildberries-rossiyskiy-riteyler-1627135918.html
16:43;Кент про екстрадицію Фірташа до США: чекаємо на рішення суду в Австрії;https://www.rbc.ua/ukr/news/kent-ekstraditsii-firtasha-ssha-zhdem-resheniya-1627134115.html
16:25;Російських свідків у справі MH17 можуть депортувати з Нідерландів;https://www.rbc.ua/ukr/news/rossiyskih-svideteley-delu-mh17-mogut-deportirovat-1627133121.html
16:22;На шляху до моря. Що подивитися, вирушаючи на пляжний відпочинок в Україні: найяскравіші місця;https://travel.rbc.ua/ukr/show/puti-moryu-posmotret-doroge-plyazhnyy-otdyh-1626699744.html
15:56;Щоб не згорів: Маск допускає доставку Hubble на Землю за допомогою Starship;https://www.rbc.ua/ukr/news/sgorel-mask-dopuskaet-dostavku-hubble-zemlyu-1627131208.html
15:39;Наступного тижня Іспанія відкриється для українців: умови в'їзду;https://www.rbc.ua/ukr/news/sleduyushchey-nedele-ispaniya-otkroetsya-1627129707.html
15:27;Транзит газу в обмін на невигідні закупівлі неприйнятний, - Вітренко;https://www.rbc.ua/ukr/news/tranzit-gaza-obmen-nevygodnye-zakupki-nepriemlem-1627129630.html
15:10;У Польщі в ДТП потрапив автобус з українцями, 10 людей поранені;https://www.rbc.ua/ukr/news/polshe-dtp-popal-avtobus-ukraintsami-10-chelovek-1627128613.html
14:50;На Хрещатику в Києві виникла пожежа: що відбувається;https://www.rbc.ua/ukr/news/kreshchatike-kieve-voznik-pozhar-proishodit-1627127225.html
14:35;Індію накрили найсильніші зливи за останні 40 років. Загинули вже 125 осіб;https://www.rbc.ua/ukr/news/indiyu-nakryli-samye-silnye-livni-poslednie-1627126114.html
14:13;Рожеві калюжі хімікатів під Рівним: поліція відкрила кримінальне провадження;https://www.rbc.ua/ukr/news/rozovye-luzhi-himikatov-rovno-politsiya-otkryla-1627124651.html
13:52;У двох областях України перевищений допустимий рівень госпіталізації через COVID;https://coronavirus.rbc.ua/ukr/news/dvuh-oblastyah-ukrainy-prevyshen-dopustimyy-1627123614.html
13:33;В Україні оголосили надзвичайний рівень пожежної небезпеки на найближчі дні;https://www.rbc.ua/ukr/news/ukraine-obyavili-chrezvychaynyy-uroven-pozharnoy-1627122550.html
13:20;Бездоганний сервіс і вишукана кухня: що потрібно знати, вибираючи преміум-готель для відпочинку в Туреччині;https://travel.rbc.ua/ukr/show/bezuprechnyy-servis-izyskannaya-kuhnya-nuzhno-1627118029.html
13:12;"""Ще не кінець історії"": США анонсували нові санкції проти Коломойського";https://www.rbc.ua/ukr/news/eshche-konets-istorii-ssha-anonsirovali-novye-1627121510.html
12:51;Білодід принесла Україні першу медаль на Олімпіаді в Токіо;https://www.rbc.ua/ukr/news/beloded-prinesla-ukraine-pervuyu-medal-olimpiade-1627117080.html
12:37;Поліція відкрила провадження через нічну пожежу в будинку престарілих в Кривому Розі;https://www.rbc.ua/ukr/news/politsiya-otkryla-proizvodstvo-nochnogo-pozhara-1627118875.html
12:16;У Дніпрі затримали двох підозрюваних у побитті громадської активістки;https://www.rbc.ua/ukr/news/dnepre-zaderzhali-dvuh-podozrevaemyh-izbienii-1627117497.html
11:54;"Мінкульт пояснив причину санкцій проти російського ритейлера ""Вайлдберіз""";https://news.rbc.ua/ukr/politics/minkult-obyasnil-prichinu-sanktsiy-protiv-1627116879.html
11:38;У Росії туристичний автобус злетів у кювет, є жертви;https://www.rbc.ua/ukr/news/rossii-turisticheskih-avtobus-sletel-v-kyuvet-1627115831.html
11:21;Повені в Німеччині: 30 тисяч людей залишаються без питної води та електрики;https://www.rbc.ua/ukr/news/navodneniya-germanii-30-tysyach-chelovek-1627114136.html
10:59;"Слідом за Протасевичем: спортсмен Кудін ""попросив"" Лукашенка про помилування";https://www.rbc.ua/ukr/news/vsled-protasevichem-sportsmen-kudin-poprosil-1627112804.html
10:41;Сьогодні в Києві можуть закрити кілька станцій метро через футбол;https://www.rbc.ua/ukr/news/segodnya-kieve-mogut-zakryt-neskolko-stantsiy-1627111361.html
10:30;Еволюція Facebook і перехід Apple на 5G. Головне зі світу технологій;https://www.rbc.ua/ukr/news/evolyutsiya-facebook-perehod-apple-5g-glavnoe-1627103426.html
10:08;Олімпіада 2020: стали відомі імена медалістів у кульовій стрільбі серед чоловіків;https://www.rbc.ua/ukr/news/olimpiada-2020-stali-izvestny-imena-medalistov-1627110526.html
10:00;Потепліє та відійдуть дощі: прогноз погоди на сьогодні;https://www.rbc.ua/ukr/news/potepleet-otoydut-dozhdi-prognoz-pogody-segodnya-1627043948.html
09:49;На Олімпіаді в Токіо зафіксували 17 нових випадків коронавірусу;https://www.rbc.ua/ukr/news/olimpiade-tokio-zafiksirovali-17-novyh-sluchaev-1627109363.html
09:27;Білий дім у найближчі тижні оголосить кандидатуру посла США в Україні, - Держдеп;https://www.rbc.ua/ukr/news/belyy-dom-blizhayshie-nedeli-obyavit-kandidaturu-1627108063.html
09:10;На Олімпіаді в Токіо здобули перші медалі: хто ці спортсмени;https://news.rbc.ua/ukr/olympiad/olimpiade-tokio-zavoevali-pervye-medali-sportsmeny-1627106892.html
08:55;Понад 3 мільйони українців вакциновані від коронавірусу;https://coronavirus.rbc.ua/ukr/news/3-millionov-ukraintsev-vaktsinirovany-koronavirusa-1627105816.html
08:41;Українські дзюдоїсти сьогодні поборються за медалі Олімпіади-2020;https://www.rbc.ua/ukr/news/ukrainskie-dzyudoisty-segodnya-poboryutsya-1627104977.html
08:30;Росії відмовили в частині вимог за позовом до ЄСПЛ, а в Токіо стартували Олімпійські ігри 2020: новини за 23 липня;https://www.rbc.ua/ukr/news/rossii-otkazali-chasti-trebovaniy-isku-espch-1627104393.html
08:25;В Україні за добу виявили 745 нових випадків коронавірусу;https://coronavirus.rbc.ua/ukr/news/ukraine-sutki-vyyavili-745-novyh-sluchaev-1627104016.html
08:13;В Кривому Розі вночі горів будинок престарілих;https://www.rbc.ua/ukr/news/krivom-roge-nochyu-gorel-dom-prestarelyh-1627103384.html
07:55;Доба на Донбасі: бойовики відкривали вогонь 10 разів, обстріляли житловий сектор Мар'їнки;https://www.rbc.ua/ukr/news/sutki-donbasse-boeviki-otkryvali-ogon-10-1627102463.html
07:35;Пейзажі з обкладинки журналу: найкращі локації Карпат, де варто провести вікенд в оточенні гір;https://travel.rbc.ua/ukr/show/peyzazhi-oblozhki-zhurnala-luchshie-lokatsii-1627042519.html
07:31;Ястремська програла перший матч на Олімпіаді в Токіо;https://www.rbc.ua/ukr/news/stremskaya-proigrala-pervyy-match-olimpiade-1627101091.html
07:28;Жителів ОРДЛО не штрафуватимуть за в'їзд в Україну через Росію;https://www.rbc.ua/ukr/news/zhiteley-ordlo-budut-shtrafovat-vezd-ukrainu-1627077428.html
07:17;Дар'я Білодід вийшла в 1/4 фіналу Олімпійських ігор;https://www.rbc.ua/ukr/news/darya-bilodid-vyshla-1-4-finala-olimpiyskih-1627100222.html
07:15;"ФК ""Олександрія"" підписав контракт з півзахисником Сергієм Рибалкою";https://www.rbc.ua/ukr/news/fk-aleksandriya-podpisal-kontrakt-poluzashchitnikom-1627096706.html
06:55;Росіянки виграли у японок у першому в історії матчі олімпійського турніру з баскетболу 3х3;https://www.rbc.ua/ukr/news/rossiyanki-vyigrali-ponok-pervom-istorii-1627098907.html
06:35;На Олімпіаді в Токіо визначилися переможці зі стрільби з пневматичної гвинтівки серед жінок;https://www.rbc.ua/ukr/news/olimpiade-tokio-opredelilis-pobediteli-strelbe-1627097759.html
06:07;Країни G20 не домовилися щодо стримування зміни клімату і декарбонізації;https://www.rbc.ua/ukr/news/strany-g20-dogovorilis-sderzhivaniyu-izmeneniya-1627094808.html
05:30;Україна не братиме участі у засіданнях ТКГ у Мінську, - Арестович;https://www.rbc.ua/ukr/news/ukraina-budet-uchastvovat-zasedaniyah-tkg-1627093489.html
04:50;SpaceX запустить шатл NASA на супутник Юпітера;https://www.rbc.ua/ukr/news/spacex-zapustit-shattl-nasa-sputnik-yupitera-1627087927.html
04:13;У Гаїті поховали президента, вбитого на початку липня;https://www.rbc.ua/ukr/news/gaiti-pohoronili-prezidenta-ubitogo-nachale-1627086464.html
03:35;З початку серпня скасовується заборона на туристичні польоти до Єгипту для росіян;https://www.rbc.ua/ukr/news/nachala-avgusta-otmenyaetsya-zapret-turisticheskie-1627084323.html
02:55;Грузія отримала від США в подарунок півмільйона доз вакцини Pfizer;https://www.rbc.ua/ukr/news/gruziya-poluchila-ssha-podarok-polmilliona-1627082239.html
02:15;"У Львові демонтували Монумент Слави та відвезли до музею ""Територія терору""";https://www.rbc.ua/ukr/news/lvove-demontirovali-monument-slavy-otvezli-1627080619.html
01:36;Українські прикордонники допомогли викрити тютюнову мафію на Пірінеях;https://www.rbc.ua/ukr/news/ukrainskie-pogranichniki-pomogli-razoblachit-1627078860.html
00:57;Біля узбережжя Ємену затонув нафтовий танкер;https://www.rbc.ua/ukr/news/poberezhya-yemena-zatonul-neftyanoy-tanker-1627076074.html
00:18;Сполучені Штати завдали другого за тиждень повітряного удару по Сомалі;https://www.rbc.ua/ukr/news/soedinennye-shtaty-nanesli-vtoroy-nedelyu-1627073744.html
00:00;"На Олімпіаді стартує перший медальний день. Україна має реальні шанси на ""золото""";https://www.rbc.ua/ukr/news/olimpiade-startuet-pervyy-medalnyy-den-ukraina-1627073036.html
23:58;"Молдовського ""кримінального авторитета"" депортували з України";https://www.rbc.ua/ukr/news/moldavskogo-kriminalnogo-avtoriteta-deportirovali-1627071821.html
23:39;Розгляд скарги Росії до ЄСПЛ займе роки, - Малюська;https://www.rbc.ua/ukr/news/rassmotrenie-zhaloby-rossii-espch-zaymet-1627072247.html
Сергі;й Щербинаголовний редактор РБК-Україна;https://www.rbc.ua/ukr/author/sergey-shcherbina.html
Рости;слав Шаправськийперший заступник головного редактора;https://www.rbc.ua/ukr/author/rostislav-shapravskiy.html
Влади;слав Красінськийзаступник головного редактора;https://www.rbc.ua/ukr/author/vladislav-krasinskiy.html
Уляна; Безпалькокореспондент РБК-Україна;https://www.rbc.ua/ukr/author/ulyana-bezpalko.html
18:36;Злочинці заволодівають грошима клієнтів ПриватБанку: розкрита нова схема шахрайстваStyler;https://www.rbc.ua/ukr/styler/prestupniki-zavladevayut-dengami-klientov-1627227327.html
17:38;"У Києві чоловік зірки ""Кріпосної"" влаштував бійку на вулиці посеред ночі (відео)Styler";https://www.rbc.ua/ukr/styler/kieve-muzh-zvezdy-krepostnoy-ustroil-draku-1627222932.html
17:00;Календар церковних свят і постів на серпень 2021: українців чекає багато важливих датStyler;https://www.rbc.ua/ukr/styler/kalendar-tserkovnyh-prazdnikov-postov-avgust-1627218437.html
16:16;"У Харкові розгорівся мовний скандал: ""ніякої української тут не буде""Styler";https://www.rbc.ua/ukr/styler/harkove-razgorelsya-zykovoy-skandal-nikakogo-1627218944.html
15:19;"Нашестя медуз на курорти Азовського моря: відпочивальники показали ""правдиве"" відеоStyler";https://www.rbc.ua/ukr/styler/nashestvie-meduz-kurorty-azovskogo-morya-1627212581.html
14:38;Розжарить до +40, а потім затягне дощами: синоптики шокували погодою на серпеньStyler;https://www.rbc.ua/ukr/styler/raskalit-40-potom-udarit-burya-sinoptiki-1627200528.html
13:52;Пляжі на узбережжі морів в Україні, де немає людей: куди варто поїхати обов'язковоStyler;https://www.rbc.ua/ukr/styler/plyazhi-poberezhe-morey-ukraine-lyudey-kuda-1627126014.html
13:09;"Клопотенко розкрив секрет ідеальних огірків з кетчупом чилі: смак ""підірве"" ваші рецептори!Styler";https://www.rbc.ua/ukr/styler/klopotenko-raskryl-sekret-idealnyh-ogurtsov-1627207410.html
